{
    "value": 4.543937131762505,
    "params": {
        "batch_size": 16,
        "lr": 0.0008380457933520601,
        "momentum": 0.9340718615991449,
        "epochs": 22
    }
}